Champions Tour 2024: China Stage 2,All Stages,Bind,JDG Esports,"cypher,raze,breach,astra,deadlock",1,1,100.00,1
Champions Tour 2024: EMEA Stage 2,All Stages,Abyss,Team Heretics,"cypher,raze,breach,gekko,astra",1,1,100.00,1
Champions Tour 2024: Americas Stage 2,All Stages,Bind,MIBR,"cypher,raze,skye,brimstone,deadlock",1,1,100.00,1
Champions Tour 2024: EMEA Stage 2,All Stages,Sunset,FNATIC,"cypher,sova,raze,breach,astra",1,3,100.00,1
Champions Tour 2024: EMEA Stage 2,All Stages,Breeze,GIANTX,"cypher,sova,viper,jett,yoru",1,1,100.00,1
Champions Tour 2024: Pacific Stage 2,All Stages,Bind,Gen.G,"cypher,viper,raze,skye,brimstone",1,3,100.00,1
Champions Tour 2024: Pacific Stage 2,All Stages,Icebox,Global Esports,"jett,kayo,killjoy,viper,sage",1,1,100.00,1
Champions Tour 2024: China Stage 2,All Stages,Icebox,Nova Esports,"jett,viper,kayo,killjoy,gekko",1,1,100.00,1
Champions Tour 2024: Americas Stage 2,All Stages,Lotus,LEVIATÁN,"omen,cypher,breach,fade,neon",1,2,100.00,1
Champions Tour 2024: EMEA Stage 2,All Stages,Lotus,KOI,"omen,cypher,fade,neon,yoru",1,1,100.00,1
Champions Tour 2024: Pacific Stage 2,All Stages,Icebox,Gen.G,"jett,kayo,killjoy,viper,gekko",1,3,100.00,1
Champions Tour 2024: Pacific Stage 2,All Stages,Bind,T1,"kayo,viper,raze,gekko,brimstone",1,1,100.00,1
Valorant Champions 2024,All Stages,Lotus,Team Vitality,"omen,cypher,raze,fade,breach",1,1,100.00,1
Champions Tour 2024: Americas Stage 2,All Stages,Sunset,Sentinels,"omen,cypher,raze,gekko,breach",1,1,100.00,1
Champions Tour 2024: Americas Stage 2,All Stages,Sunset,Cloud9,"omen,cypher,raze,skye,clove",1,1,100.00,1
Champions Tour 2024: EMEA Stage 1,All Stages,Ascent,Natus Vincere,"omen,cypher,sova,kayo,jett",1,3,100.00,1
Champions Tour 2024: EMEA Kickoff,All Stages,Sunset,Team Heretics,"omen,cypher,sova,kayo,neon",1,2,100.00,1
Champions Tour 2024: EMEA Stage 2,All Stages,Haven,Natus Vincere,"omen,cypher,sova,neon,yoru",1,1,100.00,1
Champions Tour 2024: EMEA Stage 2,All Stages,Haven,FNATIC,"omen,cypher,sova,yoru,iso",1,5,100.00,1
Champions Tour 2024: EMEA Stage 1,All Stages,Ascent,Gentle Mates,"omen,cypher,sova,yoru,phoenix",1,1,100.00,1
Champions Tour 2024: Pacific Stage 2,All Stages,Split,Team Secret,"omen,cypher,viper,raze,skye",1,3,100.00,1
Valorant Champions 2024,All Stages,Lotus,EDward Gaming,"omen,fade,breach,neon,clove",1,5,100.00,1
Champions Tour 2024: Americas Kickoff,All Stages,Ascent,NRG Esports,"omen,jett,kayo,sova,killjoy",1,3,100.00,1
Champions Tour 2024: Americas Kickoff,All Stages,Ascent,Evil Geniuses,"omen,jett,cypher,kayo,sova",1,1,100.00,1
Champions Tour 2024: Pacific Stage 2,All Stages,Lotus,Paper Rex,"omen,jett,kayo,neon,fade",1,3,100.00,1
Champions Tour 2024: Pacific Kickoff,All Stages,Ascent,Gen.G,"omen,jett,killjoy,sova,kayo",1,2,100.00,1
Champions Tour 2024: China Stage 2,All Stages,Haven,Dragon Ranger Gaming,"omen,jett,sova,cypher,breach",1,1,100.00,1
Champions Tour 2024: Pacific Stage 2,All Stages,Split,Rex Regum Qeon,"omen,jett,viper,raze,skye",1,2,100.00,1
Champions Tour 2024: Pacific Stage 2,All Stages,Abyss,Paper Rex,"omen,kayo,breach,neon,phoenix",1,1,100.00,1
Champions Tour 2024: China Stage 2,All Stages,Ascent,Trace Esports,"omen,jett,sova,kayo,killjoy",1,2,100.00,1
Champions Tour 2024: Americas Stage 1,All Stages,Ascent,100 Thieves,"omen,killjoy,sova,jett,kayo",1,2,100.00,1
Champions Tour 2024: EMEA Kickoff,All Stages,Ascent,FNATIC,"omen,killjoy,sova,kayo,jett",1,1,100.00,1
Champions Tour 2024: Americas Stage 2,All Stages,Lotus,MIBR,"omen,killjoy,viper,raze,fade",1,2,100.00,1
Champions Tour 2024: Pacific Stage 2,All Stages,Sunset,Paper Rex,"omen,raze,breach,gekko,sage",1,5,100.00,1
Champions Tour 2024: Americas Kickoff,All Stages,Sunset,Sentinels,"omen,raze,cypher,kayo,gekko",1,3,100.00,1
Champions Tour 2024: Masters Shanghai,All Stages,Split,FNATIC,"omen,raze,cypher,breach,yoru",1,1,100.00,1
Champions Tour 2024: Pacific Stage 1,All Stages,Split,Team Secret,"omen,raze,cypher,fade,breach",1,1,100.00,1
Champions Tour 2024: Pacific Kickoff,All Stages,Split,Global Esports,"omen,raze,cypher,gekko,breach",1,1,100.00,1
Champions Tour 2024: Masters Shanghai,All Stages,Sunset,Paper Rex,"omen,raze,gekko,breach,sage",1,2,100.00,1
Champions Tour 2024: China Stage 2,All Stages,Sunset,Nova Esports,"omen,raze,kayo,chamber,phoenix",1,2,100.00,1
Champions Tour 2024: Americas Kickoff,All Stages,Lotus,Cloud9,"omen,raze,killjoy,gekko,fade",1,1,100.00,1
Champions Tour 2024: China Kickoff,All Stages,Sunset,EDward Gaming,"omen,raze,sova,cypher,kayo",1,1,100.00,1
Champions Tour 2024: Masters Shanghai,All Stages,Sunset,Team Heretics,"omen,raze,sova,kayo,cypher",1,5,100.00,1
Champions Tour 2024: EMEA Stage 2,All Stages,Lotus,FNATIC,"omen,raze,viper,fade,killjoy",1,6,100.00,1
Champions Tour 2024: Americas Stage 2,All Stages,Haven,KRÜ Esports,"omen,sova,cypher,breach,neon",1,2,100.00,1
Champions Tour 2024: Americas Stage 2,All Stages,Abyss,LEVIATÁN,"omen,sova,cypher,jett,harbor",1,1,100.00,1
Valorant Champions 2024,All Stages,Abyss,DRX,"omen,sova,cypher,jett,kayo",1,4,100.00,1
Champions Tour 2024: China Stage 2,All Stages,Sunset,EDward Gaming,"omen,sova,cypher,kayo,neon",1,3,100.00,1
Valorant Champions 2024,All Stages,Sunset,EDward Gaming,"omen,sova,cypher,neon,kayo",1,4,100.00,1
Valorant Champions 2024,All Stages,Haven,FNATIC,"omen,sova,cypher,yoru,iso",1,2,100.00,1
Champions Tour 2024: Pacific Stage 2,All Stages,Haven,T1,"omen,sova,jett,cypher,breach",1,1,100.00,1
Champions Tour 2024: China Kickoff,All Stages,Ascent,Wolves Esports,"omen,sova,jett,cypher,kayo",1,2,100.00,1
Valorant Champions 2024,All Stages,Abyss,EDward Gaming,"omen,sova,jett,kayo,astra",1,2,100.00,1
Champions Tour 2024: Masters Shanghai,All Stages,Sunset,Gen.G,"omen,sova,jett,kayo,cypher",1,1,100.00,1
Champions Tour 2024: Pacific Stage 2,All Stages,Ascent,Gen.G,"omen,sova,jett,kayo,killjoy",1,3,100.00,1
Champions Tour 2024: Pacific Stage 2,All Stages,Ascent,Rex Regum Qeon,"omen,sova,jett,kayo,killjoy",1,3,100.00,1
Champions Tour 2024: China Kickoff,All Stages,Ascent,Nova Esports,"omen,sova,jett,killjoy,breach",1,1,100.00,1
Champions Tour 2024: China Stage 1,All Stages,Ascent,Trace Esports,"omen,sova,jett,killjoy,kayo",1,2,100.00,1
Champions Tour 2024: EMEA Stage 2,All Stages,Ascent,Team Vitality,"omen,sova,kayo,jett,killjoy",1,3,100.00,1
Champions Tour 2024: EMEA Stage 1,All Stages,Ascent,FUT Esports,"omen,sova,kayo,killjoy,jett",1,1,100.00,1
Champions Tour 2024: Pacific Stage 2,All Stages,Haven,ZETA DIVISION,"omen,sova,killjoy,breach,neon",1,2,100.00,1
Champions Tour 2024: Masters Shanghai,All Stages,Ascent,FUT Esports,"omen,sova,killjoy,jett,kayo",1,2,100.00,1
Valorant Champions 2024,All Stages,Ascent,Trace Esports,"omen,sova,killjoy,jett,kayo",1,2,100.00,1
Champions Tour 2024: China Stage 2,All Stages,Abyss,FunPlus Phoenix,"omen,viper,cypher,fade,yoru",1,2,100.00,1
Champions Tour 2024: Americas Stage 2,All Stages,Haven,LOUD,"omen,viper,cypher,neon,skye",1,1,100.00,1
Champions Tour 2024: Americas Stage 2,All Stages,Split,Sentinels,"omen,viper,cypher,raze,skye",1,2,100.00,1
Champions Tour 2024: EMEA Stage 2,All Stages,Icebox,Gentle Mates,"omen,viper,gekko,kayo,killjoy",1,1,100.00,1
Champions Tour 2024: EMEA Stage 2,All Stages,Sunset,Team Liquid,"omen,viper,gekko,kayo,sage",1,1,100.00,1
Valorant Champions 2024,All Stages,Haven,Gen.G,"omen,viper,killjoy,jett,skye",1,1,100.00,1
Champions Tour 2024: Americas Stage 2,All Stages,Split,G2 Esports,"omen,viper,raze,breach,fade",1,1,100.00,1
Champions Tour 2024: EMEA Kickoff,All Stages,Split,KOI,"omen,viper,raze,fade,breach",1,2,100.00,1
Valorant Champions 2024,All Stages,Lotus,DRX,"omen,viper,raze,fade,chamber",1,2,100.00,1
Valorant Champions 2024,All Stages,Lotus,G2 Esports,"omen,viper,raze,fade,killjoy",1,1,100.00,1
Champions Tour 2024: EMEA Kickoff,All Stages,Icebox,GIANTX,"omen,viper,raze,killjoy,sova",1,1,100.00,1
Champions Tour 2024: EMEA Kickoff,All Stages,Split,FUT Esports,"omen,viper,raze,skye,chamber",1,1,100.00,1
Champions Tour 2024: China Stage 2,All Stages,Lotus,Trace Esports,"omen,viper,raze,killjoy,fade",1,4,100.00,1
Champions Tour 2024: China Stage 1,All Stages,Split,All Gamers,"raze,cypher,skye,breach,astra",1,1,100.00,1
Champions Tour 2024: Masters Madrid,All Stages,Bind,EDward Gaming,"raze,kayo,sova,cypher,brimstone",1,1,100.00,1
Champions Tour 2024: Americas Stage 1,All Stages,Lotus,NRG Esports,"raze,gekko,cypher,brimstone,breach",1,1,100.00,1
Champions Tour 2024: China Kickoff,All Stages,Bind,EDward Gaming,"raze,sova,cypher,kayo,brimstone",1,2,100.00,1
Champions Tour 2024: EMEA Stage 2,All Stages,Bind,Team Liquid,"raze,viper,fade,skye,astra",1,1,100.00,1
Champions Tour 2024: Pacific Stage 2,All Stages,Breeze,DRX,"sova,jett,cypher,viper,astra",1,1,100.00,1
Champions Tour 2024: EMEA Stage 2,All Stages,Bind,BBL Esports,"raze,viper,gekko,fade,brimstone",1,1,100.00,1
Champions Tour 2024: Americas Stage 2,All Stages,Abyss,G2 Esports,"sova,killjoy,viper,yoru,astra",1,1,100.00,1
Valorant Champions 2024,All Stages,Abyss,Gen.G,"sova,viper,jett,astra,yoru",1,1,100.00,1
Valorant Champions 2024,All Stages,Icebox,KRÜ Esports,"sova,viper,killjoy,jett,gekko",1,1,100.00,1
Champions Tour 2024: China Stage 2,All Stages,Bind,Bilibili Gaming,"viper,cypher,raze,skye,brimstone",1,3,100.00,1
Champions Tour 2024: China Stage 1,All Stages,Breeze,Titan Esports Club,"viper,cypher,sova,jett,yoru",1,1,100.00,1
Champions Tour 2024: China Stage 1,All Stages,Breeze,Wolves Esports,"viper,cypher,sova,jett,yoru",1,1,100.00,1
Champions Tour 2024: EMEA Kickoff,All Stages,Breeze,Team Heretics,"viper,cypher,sova,yoru,kayo",1,1,100.00,1
Champions Tour 2024: EMEA Kickoff,All Stages,Breeze,Gentle Mates,"viper,cypher,sova,yoru,phoenix",1,1,100.00,1
Champions Tour 2024: EMEA Stage 2,All Stages,Icebox,KOI,"viper,gekko,kayo,jett,killjoy",1,3,100.00,1
Champions Tour 2024: Americas Kickoff,All Stages,Breeze,MIBR,"viper,jett,cypher,kayo,sova",1,2,100.00,1
Champions Tour 2024: EMEA Stage 1,All Stages,Breeze,Team Vitality,"viper,cypher,sova,yoru,astra",1,3,100.00,1
Champions Tour 2024: Masters Madrid,All Stages,Breeze,LOUD,"viper,jett,kayo,sova,cypher",1,2,100.00,1
Champions Tour 2024: Americas Kickoff,All Stages,Icebox,KRÜ Esports,"viper,jett,kayo,sova,killjoy",1,1,100.00,1
Champions Tour 2024: Masters Madrid,All Stages,Icebox,Karmine Corp,"viper,jett,killjoy,gekko,sage",1,1,100.00,1
Champions Tour 2024: Pacific Kickoff,All Stages,Icebox,Gen.G,"viper,jett,killjoy,kayo,gekko",1,4,100.00,1
Champions Tour 2024: Pacific Kickoff,All Stages,Icebox,BLEED,"viper,jett,killjoy,sova,harbor",1,1,100.00,1
Champions Tour 2024: Pacific Stage 1,All Stages,Breeze,Talon Esports,"viper,jett,sova,cypher,yoru",1,2,100.00,1
Champions Tour 2024: Pacific Kickoff,All Stages,Breeze,T1,"viper,jett,sova,yoru,harbor",1,1,100.00,1
Champions Tour 2024: EMEA Kickoff,All Stages,Icebox,Karmine Corp,"viper,killjoy,gekko,jett,sage",1,1,100.00,1
Champions Tour 2024: Pacific Stage 1,All Stages,Breeze,T1,"viper,jett,sova,harbor,yoru",1,2,100.00,1
Champions Tour 2024: Americas Kickoff,All Stages,Icebox,LOUD,"viper,jett,sova,killjoy,harbor",1,2,100.00,1
Champions Tour 2024: EMEA Kickoff,All Stages,Icebox,Team Liquid,"viper,killjoy,sova,jett,sage",1,2,100.00,1
Champions Tour 2024: EMEA Stage 1,All Stages,Breeze,BBL Esports,"viper,omen,cypher,sova,yoru",1,1,100.00,1
Champions Tour 2024: Americas Kickoff,All Stages,Ascent,G2 Esports,"viper,omen,jett,cypher,kayo",1,1,100.00,1
Champions Tour 2024: China Kickoff,All Stages,Icebox,FunPlus Phoenix,"viper,omen,jett,gekko,reyna",1,1,100.00,1
Champions Tour 2024: China Stage 1,All Stages,Ascent,FunPlus Phoenix,"viper,omen,killjoy,fade,yoru",1,3,100.00,1
Champions Tour 2024: China Stage 1,All Stages,Icebox,Nova Esports,"viper,omen,kayo,gekko,chamber",1,1,100.00,1
Champions Tour 2024: Pacific Kickoff,All Stages,Sunset,Paper Rex,"viper,omen,kayo,gekko,sage",1,1,100.00,1
Champions Tour 2024: Americas Kickoff,All Stages,Split,G2 Esports,"viper,omen,raze,cypher,breach",1,3,100.00,1
Champions Tour 2024: China Stage 1,All Stages,Sunset,EDward Gaming,"viper,omen,raze,cypher,gekko",1,4,100.00,1
Champions Tour 2024: China Stage 1,All Stages,Split,EDward Gaming,"viper,omen,raze,cypher,skye",1,3,100.00,1
Champions Tour 2024: China Stage 1,All Stages,Sunset,JDG Esports,"viper,omen,raze,cypher,sova",1,1,100.00,1
Champions Tour 2024: Pacific Kickoff,All Stages,Sunset,Global Esports,"viper,omen,raze,fade,gekko",1,1,100.00,1
Champions Tour 2024: China Stage 1,All Stages,Lotus,FunPlus Phoenix,"viper,omen,raze,gekko,astra",1,5,100.00,1
Champions Tour 2024: China Kickoff,All Stages,Lotus,FunPlus Phoenix,"viper,omen,raze,gekko,chamber",1,2,100.00,1
Champions Tour 2024: Masters Shanghai,All Stages,Split,Paper Rex,"viper,omen,raze,jett,skye",1,1,100.00,1
Champions Tour 2024: Pacific Stage 1,All Stages,Split,BLEED,"viper,omen,raze,jett,skye",1,1,100.00,1
Champions Tour 2024: Pacific Stage 1,All Stages,Split,Paper Rex,"viper,omen,raze,jett,skye",1,1,100.00,1
Champions Tour 2024: Pacific Kickoff,All Stages,Lotus,T1,"viper,omen,raze,fade,chamber",1,2,100.00,1
Champions Tour 2024: Pacific Kickoff,All Stages,Split,Paper Rex,"viper,omen,raze,jett,yoru",1,2,100.00,1
Champions Tour 2024: China Stage 1,All Stages,Sunset,FunPlus Phoenix,"viper,omen,raze,kayo,gekko",1,1,100.00,1
Champions Tour 2024: China Stage 1,All Stages,Sunset,Wolves Esports,"viper,omen,raze,kayo,gekko",1,1,100.00,1
Champions Tour 2024: Pacific Stage 1,All Stages,Lotus,Gen.G,"viper,omen,raze,killjoy,fade",1,5,100.00,1
Champions Tour 2024: China Kickoff,All Stages,Sunset,JDG Esports,"viper,omen,raze,sova,cypher",1,1,100.00,1
Champions Tour 2024: Pacific Kickoff,All Stages,Sunset,T1,"viper,omen,raze,sova,cypher",1,1,100.00,1
Champions Tour 2024: EMEA Stage 1,All Stages,Split,BBL Esports,"viper,omen,raze,skye,breach",1,2,100.00,1
Champions Tour 2024: Pacific Stage 1,All Stages,Breeze,DetonatioN FocusMe,"viper,omen,sova,cypher,yoru",1,1,100.00,1
Champions Tour 2024: EMEA Stage 1,All Stages,Bind,Team Heretics,"viper,omen,sova,yoru,skye",1,3,100.00,1
Champions Tour 2024: Americas Stage 2,All Stages,Split,100 Thieves,"viper,raze,breach,fade,astra",1,1,100.00,1
Champions Tour 2024: Pacific Kickoff,All Stages,Split,Rex Regum Qeon,"viper,raze,cypher,skye,astra",1,1,100.00,1
Champions Tour 2024: Pacific Kickoff,All Stages,Bind,ZETA DIVISION,"viper,raze,cypher,skye,brimstone",1,2,100.00,1
Champions Tour 2024: Pacific Kickoff,All Stages,Bind,Gen.G,"viper,raze,cypher,skye,brimstone",1,2,100.00,1
Valorant Champions 2024,All Stages,Bind,FNATIC,"viper,raze,fade,gekko,astra",1,3,100.00,1
Valorant Champions 2024,All Stages,Bind,Paper Rex,"viper,raze,fade,gekko,brimstone",1,1,100.00,1
Valorant Champions 2024,All Stages,Bind,DRX,"viper,raze,fade,gekko,brimstone",1,1,100.00,1
Champions Tour 2024: Americas Stage 2,All Stages,Bind,G2 Esports,"viper,raze,gekko,skye,brimstone",1,4,100.00,1
Champions Tour 2024: Pacific Stage 1,All Stages,Bind,Talon Esports,"viper,raze,gekko,skye,harbor",1,3,100.00,1
Champions Tour 2024: Americas Stage 1,All Stages,Sunset,Cloud9,"viper,raze,omen,cypher,skye",1,3,100.00,1
Champions Tour 2024: China Stage 2,All Stages,Split,Nova Esports,"viper,raze,skye,astra,sage",1,1,100.00,1
Champions Tour 2024: Masters Madrid,All Stages,Bind,Sentinels,"viper,raze,skye,gekko,brimstone",1,2,100.00,1
Champions Tour 2024: EMEA Kickoff,All Stages,Ascent,Karmine Corp,"viper,raze,skye,harbor,reyna",1,1,100.00,1
Champions Tour 2024: Masters Shanghai,All Stages,Breeze,G2 Esports,"viper,sova,cypher,yoru,astra",1,1,100.00,1
Champions Tour 2024: China Kickoff,All Stages,Sunset,FunPlus Phoenix,"viper,sova,harbor,phoenix,chamber",1,2,100.00,1
Champions Tour 2024: China Kickoff,All Stages,Breeze,EDward Gaming,"viper,sova,jett,cypher,kayo",1,2,100.00,1
Champions Tour 2024: Americas Stage 1,All Stages,Breeze,100 Thieves,"viper,sova,jett,cypher,kayo",1,2,100.00,1
Champions Tour 2024: Americas Stage 1,All Stages,Breeze,NRG Esports,"viper,sova,jett,cypher,yoru",1,3,100.00,1
Champions Tour 2024: Masters Shanghai,All Stages,Breeze,100 Thieves,"viper,sova,jett,kayo,cypher",1,1,100.00,1
Champions Tour 2024: China Kickoff,All Stages,Icebox,Dragon Ranger Gaming,"viper,sova,jett,killjoy,gekko",1,1,100.00,1
Champions Tour 2024: Masters Shanghai,All Stages,Breeze,Gen.G,"viper,sova,jett,yoru,astra",1,3,100.00,1
Champions Tour 2024: Americas Kickoff,All Stages,Icebox,LEVIATÁN,"viper,sova,killjoy,harbor,reyna",1,1,100.00,1
Champions Tour 2024: Masters Shanghai,All Stages,Icebox,LEVIATÁN,"viper,sova,killjoy,jett,harbor",1,1,100.00,1
Champions Tour 2024: Masters Shanghai,All Stages,Icebox,Team Heretics,"viper,sova,killjoy,jett,kayo",1,5,100.00,1
Champions Tour 2024: Masters Shanghai,All Stages,Icebox,T1,"viper,sova,sage,reyna,chamber",1,1,100.00,1
Champions Tour 2024: EMEA Kickoff,All Stages,Bind,Team Heretics,"viper,sova,yoru,kayo,astra",1,1,100.00,1
Champions Tour 2024: Pacific Kickoff,All Stages,Breeze,Talon Esports,"viper,sova,yoru,harbor,neon",1,1,0.00,1
Champions Tour 2024: EMEA Stage 1,All Stages,Icebox,Gentle Mates,"viper,sova,killjoy,jett,sage,kayo,gekko",1,1,0.00,1
Champions Tour 2024: EMEA Stage 1,All Stages,Icebox,KOI,"viper,sova,killjoy,yoru,harbor,omen,kayo,gekko,jett",1,2,0.00,1
Champions Tour 2024: EMEA Stage 1,All Stages,Icebox,FNATIC,"viper,sova,killjoy,jett,harbor,sage",1,1,0.00,1
Champions Tour 2024: Masters Shanghai,All Stages,Icebox,100 Thieves,"viper,sova,killjoy,jett,gekko",1,2,0.00,1
Champions Tour 2024: China Stage 1,All Stages,Breeze,FunPlus Phoenix,"viper,sova,jett,yoru,astra,cypher,harbor",1,2,0.00,1
Champions Tour 2024: EMEA Stage 1,All Stages,Icebox,FUT Esports,"viper,sova,kayo,jett,sage,killjoy",1,4,0.00,1
Champions Tour 2024: China Stage 1,All Stages,Icebox,Dragon Ranger Gaming,"viper,sova,jett,killjoy,harbor",1,3,0.00,1
Champions Tour 2024: China Stage 1,All Stages,Icebox,Bilibili Gaming,"viper,sova,jett,killjoy,harbor,reyna",1,2,0.00,1
Champions Tour 2024: China Stage 1,All Stages,Icebox,Titan Esports Club,"viper,sova,jett,killjoy,kayo,reyna",1,1,0.00,1
Champions Tour 2024: China Kickoff,All Stages,Icebox,Wolves Esports,"viper,sova,jett,cypher,killjoy",1,1,0.00,1
Champions Tour 2024: China Kickoff,All Stages,Bind,JDG Esports,"viper,raze,sova,skye,brimstone",1,1,0.00,1
Champions Tour 2024: Americas Stage 1,All Stages,Breeze,G2 Esports,"viper,sova,cypher,harbor,yoru,astra",1,1,0.00,1
Champions Tour 2024: Americas Kickoff,All Stages,Bind,LEVIATÁN,"viper,raze,skye,gekko,harbor",1,2,0.00,1
Champions Tour 2024: EMEA Kickoff,All Stages,Bind,BBL Esports,"viper,raze,skye,breach,brimstone",1,1,0.00,1
Champions Tour 2024: China Stage 2,All Stages,Bind,Titan Esports Club,"viper,raze,skye,brimstone,chamber",1,1,0.00,1
Champions Tour 2024: Americas Kickoff,All Stages,Bind,Sentinels,"viper,raze,skye,brimstone,yoru",1,1,0.00,1
Champions Tour 2024: Americas Kickoff,All Stages,Bind,Cloud9,"viper,raze,skye,brimstone,yoru",1,1,0.00,1
Champions Tour 2024: Americas Stage 1,All Stages,Lotus,LOUD,"viper,raze,omen,fade,deadlock",1,1,0.00,1
Champions Tour 2024: Americas Stage 1,All Stages,Split,NRG Esports,"viper,raze,omen,jett,skye",1,2,0.00,1
Champions Tour 2024: Americas Stage 1,All Stages,Ascent,LEVIATÁN,"viper,raze,omen,kayo,sage,killjoy,sova,jett",1,1,0.00,1
Champions Tour 2024: Americas Stage 1,All Stages,Lotus,G2 Esports,"viper,raze,omen,killjoy,fade",1,4,0.00,1
Champions Tour 2024: Americas Stage 1,All Stages,Lotus,Cloud9,"viper,raze,omen,killjoy,gekko",1,2,0.00,1
Champions Tour 2024: Americas Kickoff,All Stages,Split,MIBR,"viper,raze,jett,skye,astra",1,2,0.00,1
Champions Tour 2024: China Kickoff,All Stages,Bind,Trace Esports,"viper,raze,jett,skye,brimstone",1,2,0.00,1
Champions Tour 2024: Americas Kickoff,All Stages,Bind,MIBR,"viper,raze,jett,skye,brimstone,kayo",1,1,0.00,1
Champions Tour 2024: Americas Stage 1,All Stages,Bind,LOUD,"viper,raze,kayo,brimstone,breach",1,2,0.00,1
Champions Tour 2024: Pacific Stage 1,All Stages,Bind,DRX,"viper,raze,kayo,cypher,brimstone",1,4,0.00,1
Champions Tour 2024: China Stage 1,All Stages,Bind,FunPlus Phoenix,"viper,raze,kayo,gekko,brimstone",1,2,0.00,1
Champions Tour 2024: EMEA Stage 1,All Stages,Bind,Natus Vincere,"viper,raze,kayo,gekko,brimstone,cypher",1,2,0.00,1
Champions Tour 2024: EMEA Stage 1,All Stages,Icebox,Team Vitality,"viper,raze,kayo,gekko,killjoy",1,2,0.00,1
Champions Tour 2024: Americas Stage 1,All Stages,Lotus,Evil Geniuses,"viper,raze,omen,cypher,fade",1,1,0.00,1
Valorant Champions 2024,All Stages,Bind,Team Heretics,"viper,raze,fade,gekko,brimstone,astra,skye,yoru",1,2,0.00,1
Champions Tour 2024: EMEA Kickoff,All Stages,Bind,KOI,"viper,raze,fade,skye,brimstone",1,1,0.00,1
Champions Tour 2024: Americas Kickoff,All Stages,Bind,100 Thieves,"viper,raze,gekko,brimstone,fade",1,1,0.00,1
Valorant Champions 2024,All Stages,Bind,G2 Esports,"viper,raze,gekko,brimstone,skye",1,1,0.00,1
Valorant Champions 2024,All Stages,Bind,LEVIATÁN,"viper,raze,gekko,brimstone,skye",1,1,0.00,1
Champions Tour 2024: Americas Stage 1,All Stages,Split,100 Thieves,"viper,raze,gekko,fade,astra",1,3,0.00,1
Champions Tour 2024: Americas Stage 1,All Stages,Bind,100 Thieves,"viper,raze,gekko,fade,brimstone",1,6,0.00,1
Champions Tour 2024: Americas Stage 2,All Stages,Bind,FURIA,"viper,raze,gekko,fade,brimstone,skye,sage",1,1,0.00,1
Champions Tour 2024: China Stage 1,All Stages,Bind,Titan Esports Club,"viper,raze,cypher,skye,brimstone,gekko",1,1,0.00,1
Champions Tour 2024: China Kickoff,All Stages,Ascent,EDward Gaming,"viper,omen,sova,jett,breach",1,1,0.00,1
Champions Tour 2024: EMEA Stage 1,All Stages,Icebox,BBL Esports,"viper,omen,sova,killjoy,sage",1,1,0.00,1
Champions Tour 2024: EMEA Stage 1,All Stages,Split,FUT Esports,"viper,omen,raze,skye,chamber",1,2,0.00,1
Champions Tour 2024: Masters Madrid,All Stages,Split,Sentinels,"viper,omen,raze,skye,cypher",1,3,0.00,1
Champions Tour 2024: Masters Shanghai,All Stages,Bind,Team Heretics,"viper,omen,raze,sova,skye,gekko,fade,brimstone",1,3,0.00,1
Champions Tour 2024: EMEA Stage 1,All Stages,Split,Karmine Corp,"viper,omen,raze,yoru,fade",1,1,0.00,1
Champions Tour 2024: EMEA Stage 1,All Stages,Bind,GIANTX,"viper,omen,raze,yoru,skye",1,1,0.00,1
Champions Tour 2024: Masters Madrid,All Stages,Sunset,LOUD,"viper,omen,sova,breach,phoenix",1,2,0.00,1
Champions Tour 2024: Pacific Stage 1,All Stages,Sunset,ZETA DIVISION,"viper,omen,sova,chamber,phoenix",1,2,0.00,1
Champions Tour 2024: China Stage 1,All Stages,Lotus,Nova Esports,"viper,omen,raze,killjoy,fade,cypher",1,1,0.00,1
Champions Tour 2024: EMEA Stage 1,All Stages,Lotus,Karmine Corp,"viper,omen,raze,killjoy,fade,cypher",1,1,0.00,1
Champions Tour 2024: Pacific Kickoff,All Stages,Lotus,DRX,"viper,omen,raze,killjoy,fade,cypher",1,1,0.00,1
Champions Tour 2024: Pacific Stage 1,All Stages,Lotus,Talon Esports,"viper,omen,raze,killjoy,fade,gekko,chamber,neon",1,3,0.00,1
Champions Tour 2024: Pacific Kickoff,All Stages,Lotus,Team Secret,"viper,omen,raze,killjoy,skye",1,1,0.00,1
Champions Tour 2024: Pacific Stage 1,All Stages,Lotus,Team Secret,"viper,omen,raze,killjoy,skye,fade",1,1,0.00,1
Champions Tour 2024: Pacific Stage 1,All Stages,Sunset,Paper Rex,"viper,omen,raze,kayo,gekko,breach,sage",1,4,0.00,1
Champions Tour 2024: Masters Shanghai,All Stages,Bind,FUT Esports,"viper,omen,raze,kayo,skye,gekko",1,2,0.00,1
Champions Tour 2024: Masters Madrid,All Stages,Split,Paper Rex,"viper,omen,raze,jett,yoru,skye",1,2,0.00,1
Champions Tour 2024: Pacific Stage 1,All Stages,Ascent,DetonatioN FocusMe,"viper,omen,raze,kayo,cypher",1,1,0.00,1
Champions Tour 2024: Pacific Stage 1,All Stages,Lotus,T1,"viper,omen,raze,fade,chamber,skye,breach,neon",1,4,0.00,1
Champions Tour 2024: China Stage 1,All Stages,Split,Nova Esports,"viper,omen,raze,jett,skye,astra,sage",1,1,0.00,1
Champions Tour 2024: Masters Madrid,All Stages,Ascent,Paper Rex,"viper,omen,raze,gekko,fade",1,2,0.00,1
Champions Tour 2024: EMEA Stage 1,All Stages,Bind,Karmine Corp,"viper,omen,raze,gekko,skye",1,3,0.00,1
Champions Tour 2024: Masters Shanghai,All Stages,Split,G2 Esports,"viper,omen,raze,fade,breach",1,1,0.00,1
Champions Tour 2024: Pacific Stage 1,All Stages,Sunset,DRX,"viper,omen,raze,cypher,fade,gekko,breach",1,1,0.00,1
Champions Tour 2024: EMEA Stage 1,All Stages,Bind,FUT Esports,"viper,omen,kayo,gekko,sage,raze",1,1,0.00,1
Champions Tour 2024: Americas Stage 1,All Stages,Icebox,FURIA,"viper,omen,killjoy,gekko,kayo,sova,reyna",1,1,0.00,1
Champions Tour 2024: Masters Madrid,All Stages,Lotus,Team Heretics,"viper,omen,killjoy,gekko,neon",1,1,0.00,1
Champions Tour 2024: Pacific Stage 1,All Stages,Icebox,Gen.G,"viper,omen,killjoy,kayo,gekko,jett",1,1,0.00,1
Champions Tour 2024: Americas Stage 1,All Stages,Icebox,G2 Esports,"viper,omen,killjoy,sova,gekko,harbor",1,5,0.00,1
Champions Tour 2024: EMEA Stage 1,All Stages,Split,Natus Vincere,"viper,omen,raze,breach,fade",1,2,0.00,1
Champions Tour 2024: EMEA Stage 1,All Stages,Split,KOI,"viper,omen,raze,breach,fade,yoru",1,1,0.00,1
Champions Tour 2024: China Stage 1,All Stages,Icebox,FunPlus Phoenix,"viper,omen,jett,gekko,reyna,kayo,harbor,clove",1,2,0.00,1
Champions Tour 2024: Americas Kickoff,All Stages,Ascent,LOUD,"viper,omen,kayo,breach,phoenix",1,2,0.00,1
Champions Tour 2024: Americas Kickoff,All Stages,Ascent,MIBR,"viper,omen,jett,cypher,skye",1,1,0.00,1
Champions Tour 2024: Americas Kickoff,All Stages,Sunset,NRG Esports,"viper,omen,jett,cypher,skye",1,1,0.00,1
Champions Tour 2024: EMEA Stage 1,All Stages,Ascent,Team Liquid,"viper,omen,cypher,sova,yoru,kayo,jett",1,2,0.00,1
Champions Tour 2024: Pacific Stage 1,All Stages,Lotus,ZETA DIVISION,"viper,omen,gekko,chamber,neon",1,2,0.00,1
Champions Tour 2024: EMEA Stage 1,All Stages,Lotus,Team Heretics,"viper,omen,gekko,killjoy,neon,raze,cypher,breach,fade",1,4,0.00,1
Champions Tour 2024: Masters Shanghai,All Stages,Lotus,FUT Esports,"viper,omen,jett,cypher,breach",1,2,0.00,1
Champions Tour 2024: EMEA Stage 1,All Stages,Lotus,FUT Esports,"viper,omen,cypher,jett,sage",1,2,0.00,1
Champions Tour 2024: Masters Madrid,All Stages,Breeze,Gen.G,"viper,jett,sova,yoru,astra",1,3,0.00,1
Champions Tour 2024: Americas Stage 1,All Stages,Icebox,KRÜ Esports,"viper,killjoy,gekko,kayo,reyna,jett",1,1,0.00,1
Champions Tour 2024: Masters Shanghai,All Stages,Icebox,Gen.G,"viper,killjoy,jett,kayo,gekko",1,1,0.00,1
Champions Tour 2024: Americas Stage 1,All Stages,Icebox,100 Thieves,"viper,killjoy,sova,gekko,jett",1,2,0.00,1
Champions Tour 2024: Americas Stage 1,All Stages,Icebox,LEVIATÁN,"viper,killjoy,sova,jett,harbor",1,4,0.00,1
Champions Tour 2024: Americas Kickoff,All Stages,Bind,LOUD,"viper,kayo,breach,brimstone,phoenix",1,1,0.00,1
Champions Tour 2024: Americas Stage 1,All Stages,Bind,G2 Esports,"viper,kayo,fade,brimstone,yoru,raze,gekko,skye",1,2,0.00,1
Champions Tour 2024: EMEA Stage 1,All Stages,Icebox,Team Heretics,"viper,kayo,gekko,killjoy,sage,sova,jett,reyna",1,2,0.00,1
Champions Tour 2024: Americas Kickoff,All Stages,Icebox,Evil Geniuses,"viper,kayo,killjoy,gekko,deadlock",1,1,0.00,1
Champions Tour 2024: Americas Stage 1,All Stages,Icebox,Sentinels,"viper,killjoy,gekko,jett,kayo",1,2,0.00,1
Champions Tour 2024: Pacific Stage 1,All Stages,Breeze,DRX,"viper,jett,sova,cypher,yoru,astra",1,1,0.00,1
Champions Tour 2024: Pacific Kickoff,All Stages,Icebox,Team Secret,"viper,jett,killjoy,sova,sage",1,1,0.00,1
Champions Tour 2024: Pacific Kickoff,All Stages,Breeze,Team Secret,"viper,jett,sova,cypher,kayo",1,3,0.00,1
Champions Tour 2024: Pacific Stage 1,All Stages,Icebox,Paper Rex,"viper,jett,killjoy,kayo,sage",1,3,0.00,1
Champions Tour 2024: Pacific Stage 1,All Stages,Icebox,Team Secret,"viper,jett,killjoy,kayo,sova",1,2,0.00,1
Champions Tour 2024: Pacific Stage 1,All Stages,Icebox,Rex Regum Qeon,"viper,jett,killjoy,sova,gekko",1,2,0.00,1
Champions Tour 2024: China Stage 1,All Stages,Icebox,JDG Esports,"viper,jett,killjoy,gekko,harbor",1,1,0.00,1
Champions Tour 2024: China Stage 1,All Stages,Breeze,All Gamers,"viper,cypher,sova,yoru,harbor",1,1,0.00,1
Champions Tour 2024: China Stage 1,All Stages,Breeze,Dragon Ranger Gaming,"viper,cypher,sova,yoru,harbor,jett,kayo",1,2,0.00,1
Champions Tour 2024: Pacific Kickoff,All Stages,Breeze,Gen.G,"viper,jett,cypher,skye,astra",1,1,0.00,1
Champions Tour 2024: Masters Madrid,All Stages,Icebox,Gen.G,"viper,jett,kayo,killjoy,gekko",1,1,0.00,1
Champions Tour 2024: Masters Madrid,All Stages,Icebox,Sentinels,"viper,jett,kayo,killjoy,gekko",1,1,0.00,1
Champions Tour 2024: EMEA Stage 1,All Stages,Icebox,Team Liquid,"viper,gekko,killjoy,jett,harbor,sova,sage,chamber,reyna",1,3,0.00,1
Champions Tour 2024: EMEA Stage 1,All Stages,Icebox,Karmine Corp,"viper,gekko,killjoy,jett,sage,sova,reyna",1,1,0.00,1
Champions Tour 2024: EMEA Stage 1,All Stages,Breeze,FUT Esports,"viper,cypher,sova,kayo,jett",1,1,0.00,1
Champions Tour 2024: EMEA Stage 1,All Stages,Breeze,Karmine Corp,"viper,cypher,sova,kayo,jett,yoru",1,1,0.00,1
Champions Tour 2024: EMEA Stage 1,All Stages,Breeze,FNATIC,"viper,cypher,sova,kayo,yoru",1,5,0.00,1
Champions Tour 2024: EMEA Kickoff,All Stages,Breeze,Team Vitality,"viper,cypher,skye,jett,astra",1,1,0.00,1
Champions Tour 2024: Americas Kickoff,All Stages,Breeze,G2 Esports,"viper,cypher,sova,harbor,yoru",1,1,0.00,1
Champions Tour 2024: China Stage 1,All Stages,Breeze,EDward Gaming,"viper,cypher,sova,jett,kayo",1,4,0.00,1
Valorant Champions 2024,All Stages,Icebox,LEVIATÁN,"sova,viper,killjoy,jett,harbor",1,4,0.00,1
Valorant Champions 2024,All Stages,Icebox,Sentinels,"sova,viper,killjoy,jett,kayo",1,1,0.00,1
Valorant Champions 2024,All Stages,Icebox,EDward Gaming,"sova,viper,killjoy,jett,kayo",1,1,0.00,1
Valorant Champions 2024,All Stages,Icebox,Paper Rex,"sova,viper,killjoy,jett,sage",1,1,0.00,1
Champions Tour 2024: China Stage 1,All Stages,Bind,Bilibili Gaming,"viper,cypher,gekko,brimstone,yoru,raze,skye",1,1,0.00,1
Champions Tour 2024: EMEA Stage 2,All Stages,Icebox,Team Heretics,"sova,viper,kayo,jett,killjoy,gekko,neon",1,2,0.00,1
Valorant Champions 2024,All Stages,Icebox,G2 Esports,"sova,viper,killjoy,gekko,harbor",1,1,0.00,1
Valorant Champions 2024,All Stages,Icebox,Team Heretics,"sova,viper,killjoy,gekko,neon",1,3,0.00,1
Champions Tour 2024: EMEA Stage 2,All Stages,Icebox,Team Vitality,"sova,viper,gekko,jett,killjoy,iso",1,3,0.00,1
Champions Tour 2024: EMEA Stage 2,All Stages,Icebox,FNATIC,"sova,viper,gekko,killjoy,reyna,iso",1,1,0.00,1
Champions Tour 2024: Pacific Stage 2,All Stages,Lotus,Talon Esports,"sova,cypher,breach,neon,astra,omen,raze,fade,clove,deadlock",2,4,0.00,1
Valorant Champions 2024,All Stages,Abyss,Team Heretics,"sova,cypher,jett,gekko,astra",1,3,0.00,1
Champions Tour 2024: Pacific Stage 2,All Stages,Icebox,Rex Regum Qeon,"sova,kayo,killjoy,viper,gekko",1,1,0.00,1
Champions Tour 2024: Americas Stage 2,All Stages,Icebox,Evil Geniuses,"sova,killjoy,harbor,clove,iso,sage",1,1,0.00,1
Champions Tour 2024: Americas Stage 2,All Stages,Icebox,G2 Esports,"sova,killjoy,viper,gekko,harbor",1,1,0.00,1
Champions Tour 2024: Americas Stage 2,All Stages,Icebox,Cloud9,"sova,killjoy,viper,gekko,reyna",1,2,0.00,1
Champions Tour 2024: Americas Stage 2,All Stages,Icebox,100 Thieves,"sova,killjoy,viper,jett,gekko",1,2,0.00,1
Champions Tour 2024: Americas Stage 2,All Stages,Icebox,LEVIATÁN,"sova,killjoy,viper,jett,harbor",1,6,0.00,1
Champions Tour 2024: Americas Stage 2,All Stages,Icebox,KRÜ Esports,"sova,killjoy,viper,jett,kayo,gekko,reyna",1,1,0.00,1
Champions Tour 2024: Americas Stage 2,All Stages,Icebox,FURIA,"sova,killjoy,viper,jett,sage",1,3,0.00,1
Champions Tour 2024: EMEA Stage 2,All Stages,Bind,FNATIC,"raze,viper,gekko,brimstone,skye,clove",1,1,0.00,1
Champions Tour 2024: EMEA Stage 1,All Stages,Lotus,Natus Vincere,"raze,gekko,killjoy,breach,brimstone",1,1,0.00,1
Champions Tour 2024: Masters Shanghai,All Stages,Bind,Paper Rex,"raze,gekko,skye,harbor,brimstone,reyna",1,1,0.00,1
Champions Tour 2024: Americas Stage 1,All Stages,Sunset,Evil Geniuses,"raze,omen,cypher,fade,breach",1,2,0.00,1
Champions Tour 2024: Americas Stage 1,All Stages,Sunset,KRÜ Esports,"raze,omen,gekko,cypher,breach",1,2,0.00,1
Champions Tour 2024: Americas Stage 1,All Stages,Sunset,NRG Esports,"raze,omen,gekko,cypher,kayo",1,1,0.00,1
Champions Tour 2024: Americas Stage 1,All Stages,Sunset,100 Thieves,"raze,omen,sova,gekko,cypher",1,1,0.00,1
Champions Tour 2024: Pacific Stage 1,All Stages,Bind,Paper Rex,"raze,skye,brimstone,harbor,reyna,gekko",1,4,0.00,1
Champions Tour 2024: Masters Madrid,All Stages,Bind,Paper Rex,"raze,fade,harbor,brimstone,reyna,skye",1,1,0.00,1
Champions Tour 2024: China Stage 2,All Stages,Lotus,Titan Esports Club,"omen,viper,raze,killjoy,fade,breach,neon,chamber",1,1,0.00,1
Champions Tour 2024: EMEA Kickoff,All Stages,Lotus,Team Vitality,"omen,viper,raze,killjoy,skye",1,2,0.00,1
Champions Tour 2024: EMEA Kickoff,All Stages,Bind,Karmine Corp,"omen,viper,raze,skye,yoru",1,1,0.00,1
Champions Tour 2024: China Stage 1,All Stages,Bind,EDward Gaming,"raze,cypher,kayo,skye,brimstone,viper,gekko",1,3,0.00,1
Champions Tour 2024: China Stage 2,All Stages,Lotus,FunPlus Phoenix,"omen,viper,raze,gekko,astra",1,1,0.00,1
Champions Tour 2024: EMEA Kickoff,All Stages,Split,Team Heretics,"omen,viper,raze,cypher,breach",1,1,0.00,1
Champions Tour 2024: EMEA Kickoff,All Stages,Sunset,FUT Esports,"omen,viper,raze,cypher,fade",1,1,0.00,1
Champions Tour 2024: EMEA Kickoff,All Stages,Sunset,Karmine Corp,"omen,viper,raze,cypher,gekko",1,3,0.00,1
Champions Tour 2024: EMEA Kickoff,All Stages,Sunset,Team Vitality,"omen,viper,raze,cypher,skye",1,3,0.00,1
Champions Tour 2024: EMEA Kickoff,All Stages,Bind,FUT Esports,"omen,viper,kayo,gekko,neon,raze",1,1,0.00,1
Champions Tour 2024: China Stage 2,All Stages,Sunset,TYLOO,"omen,viper,kayo,gekko,sage,sova,cypher,breach,neon,brimstone",2,1,0.00,1
Champions Tour 2024: China Stage 2,All Stages,Lotus,Dragon Ranger Gaming,"omen,viper,killjoy,fade,neon",1,1,0.00,1
Champions Tour 2024: EMEA Kickoff,All Stages,Lotus,Team Heretics,"omen,viper,killjoy,gekko,neon",1,2,0.00,1
Champions Tour 2024: EMEA Kickoff,All Stages,Breeze,Natus Vincere,"omen,viper,cypher,sova,yoru",1,2,0.00,1
Valorant Champions 2024,All Stages,Bind,FunPlus Phoenix,"omen,viper,fade,yoru,chamber",1,1,0.00,1
Champions Tour 2024: Americas Stage 2,All Stages,Ascent,LEVIATÁN,"omen,sova,killjoy,jett,kayo,cypher,deadlock",1,3,0.00,1
Champions Tour 2024: Americas Stage 2,All Stages,Haven,100 Thieves,"omen,sova,killjoy,jett,kayo,cypher,yoru,iso",1,1,0.00,1
Champions Tour 2024: Americas Stage 2,All Stages,Ascent,G2 Esports,"omen,sova,killjoy,kayo,neon,jett",1,2,0.00,1
Champions Tour 2024: EMEA Stage 2,All Stages,Haven,Team Vitality,"omen,sova,neon,killjoy,iso,cypher,breach,jett",1,1,0.00,1
Valorant Champions 2024,All Stages,Haven,G2 Esports,"omen,sova,viper,killjoy,yoru",1,1,0.00,1
Champions Tour 2024: Americas Stage 2,All Stages,Haven,G2 Esports,"omen,sova,killjoy,jett,breach",1,1,0.00,1
Champions Tour 2024: Americas Stage 2,All Stages,Haven,Sentinels,"omen,sova,killjoy,jett,breach",1,1,0.00,1
Champions Tour 2024: EMEA Stage 1,All Stages,Sunset,Natus Vincere,"omen,sova,kayo,killjoy,neon",1,1,0.00,1
Champions Tour 2024: Pacific Stage 2,All Stages,Sunset,BLEED,"omen,sova,kayo,cypher,raze,jett",1,1,0.00,1
Champions Tour 2024: Pacific Stage 2,All Stages,Ascent,Talon Esports,"omen,sova,jett,kayo,killjoy,sage,clove,phoenix",1,1,0.00,1
Champions Tour 2024: Pacific Stage 2,All Stages,Ascent,DRX,"omen,sova,jett,kayo,cypher,killjoy",1,2,0.00,1
Champions Tour 2024: Pacific Stage 2,All Stages,Sunset,Global Esports,"omen,sova,jett,kayo,cypher,neon",1,1,0.00,1
Champions Tour 2024: Pacific Stage 2,All Stages,Abyss,Talon Esports,"omen,sova,jett,cypher,breach,neon,iso",1,1,0.00,1
Champions Tour 2024: Pacific Stage 2,All Stages,Haven,DRX,"omen,sova,jett,cypher,clove,breach",1,4,0.00,1
Champions Tour 2024: Pacific Stage 2,All Stages,Ascent,Paper Rex,"omen,sova,jett,cypher,clove,kayo,fade,raze,harbor,reyna,skye",2,1,0.00,1
Champions Tour 2024: China Stage 2,All Stages,Sunset,Trace Esports,"omen,sova,cypher,raze,breach",1,4,0.00,1
Champions Tour 2024: Pacific Stage 2,All Stages,Sunset,Team Secret,"omen,sova,cypher,raze,breach,neon",1,3,0.00,1
Valorant Champions 2024,All Stages,Sunset,Team Heretics,"omen,sova,cypher,raze,kayo",1,2,0.00,1
Champions Tour 2024: Americas Stage 2,All Stages,Sunset,KRÜ Esports,"omen,sova,cypher,raze,kayo,breach,neon",1,1,0.00,1
Champions Tour 2024: Americas Stage 2,All Stages,Sunset,NRG Esports,"omen,sova,cypher,kayo,neon,breach,fade",1,1,0.00,1
Valorant Champions 2024,All Stages,Haven,Team Heretics,"omen,sova,cypher,breach,neon,raze,killjoy,gekko,sage",1,1,0.00,1
Champions Tour 2024: Americas Stage 1,All Stages,Sunset,LEVIATÁN,"omen,sova,cypher,breach,phoenix,raze,gekko",1,3,0.00,1
Valorant Champions 2024,All Stages,Haven,Sentinels,"omen,sova,cypher,jett,breach,neon",1,3,0.00,1
Valorant Champions 2024,All Stages,Ascent,LEVIATÁN,"omen,sova,cypher,jett,deadlock",1,1,0.00,1
Champions Tour 2024: EMEA Stage 2,All Stages,Split,KOI,"omen,raze,viper,fade,yoru,breach",1,1,0.00,1
Champions Tour 2024: EMEA Stage 2,All Stages,Bind,Team Vitality,"omen,raze,viper,gekko,fade",1,1,0.00,1
Champions Tour 2024: China Stage 2,All Stages,Lotus,EDward Gaming,"omen,sova,breach,neon,chamber,fade,clove",1,2,0.00,1
Champions Tour 2024: China Stage 1,All Stages,Bind,Nova Esports,"omen,raze,skye,gekko,breach",1,2,0.00,1
Champions Tour 2024: Pacific Stage 1,All Stages,Sunset,Team Secret,"omen,raze,sova,cypher,breach",1,4,0.00,1
Champions Tour 2024: Masters Madrid,All Stages,Sunset,Sentinels,"omen,raze,kayo,cypher,gekko",1,2,0.00,1
Champions Tour 2024: China Stage 2,All Stages,Sunset,Bilibili Gaming,"omen,raze,gekko,chamber,sage",1,2,0.00,1
Champions Tour 2024: Americas Stage 2,All Stages,Bind,Evil Geniuses,"omen,raze,gekko,skye,brimstone",1,2,0.00,1
Champions Tour 2024: Pacific Stage 1,All Stages,Lotus,Paper Rex,"omen,raze,jett,cypher,skye,breach",1,4,0.00,1
Champions Tour 2024: Pacific Kickoff,All Stages,Lotus,Paper Rex,"omen,raze,jett,cypher,skye,reyna",1,1,0.00,1
Champions Tour 2024: EMEA Stage 1,All Stages,Sunset,FUT Esports,"omen,raze,cypher,gekko,deadlock,breach",1,1,0.00,1
Champions Tour 2024: Masters Shanghai,All Stages,Lotus,Team Heretics,"omen,raze,cypher,fade,breach,viper,killjoy",1,2,0.00,1
Champions Tour 2024: EMEA Stage 1,All Stages,Sunset,Gentle Mates,"omen,raze,cypher,kayo,neon,sage",1,2,0.00,1
Champions Tour 2024: EMEA Stage 1,All Stages,Split,Team Heretics,"omen,raze,cypher,skye,brimstone,viper",1,2,0.00,1
Champions Tour 2024: EMEA Stage 1,All Stages,Lotus,Team Liquid,"omen,raze,cypher,sova,breach",1,2,0.00,1
Champions Tour 2024: China Stage 1,All Stages,Sunset,Trace Esports,"omen,raze,cypher,sova,breach",1,2,0.00,1
Champions Tour 2024: EMEA Stage 1,All Stages,Sunset,GIANTX,"omen,raze,cypher,sova,breach,gekko",1,1,0.00,1
Champions Tour 2024: EMEA Stage 1,All Stages,Split,FNATIC,"omen,raze,cypher,yoru,breach",1,3,0.00,1
Champions Tour 2024: EMEA Kickoff,All Stages,Sunset,GIANTX,"omen,raze,fade,breach,sage",1,1,0.00,1
Champions Tour 2024: EMEA Kickoff,All Stages,Split,Karmine Corp,"omen,raze,fade,yoru,astra",1,3,0.00,1
Champions Tour 2024: EMEA Stage 2,All Stages,Split,GIANTX,"omen,raze,breach,jett,killjoy,cypher",1,1,0.00,1
Champions Tour 2024: China Kickoff,All Stages,Sunset,Bilibili Gaming,"omen,raze,cypher,breach,fade",1,1,0.00,1
Champions Tour 2024: Americas Kickoff,All Stages,Sunset,Evil Geniuses,"omen,raze,cypher,breach,fade",1,1,0.00,1
Champions Tour 2024: Americas Stage 1,All Stages,Ascent,Cloud9,"omen,killjoy,sova,jett,kayo,cypher,viper,skye",1,1,0.00,1
Champions Tour 2024: China Stage 2,All Stages,Haven,Trace Esports,"omen,jett,sova,killjoy,breach",1,3,0.00,1
Champions Tour 2024: China Stage 2,All Stages,Haven,TYLOO,"omen,jett,viper,killjoy,skye,sova,cypher,breach",1,1,0.00,1
Champions Tour 2024: Pacific Stage 2,All Stages,Sunset,DRX,"omen,kayo,cypher,raze,gekko,sova,jett,breach,neon",1,1,0.00,1
Champions Tour 2024: Masters Shanghai,All Stages,Icebox,FunPlus Phoenix,"omen,kayo,gekko,harbor,clove",1,1,0.00,1
Champions Tour 2024: Masters Madrid,All Stages,Sunset,Team Heretics,"omen,kayo,sova,cypher,neon",1,1,0.00,1
Champions Tour 2024: Pacific Stage 1,All Stages,Sunset,T1,"omen,kayo,sova,cypher,neon,raze,gekko",1,2,0.00,1
Champions Tour 2024: Americas Stage 2,All Stages,Haven,FURIA,"omen,killjoy,gekko,breach,neon",1,1,0.00,1
Champions Tour 2024: China Stage 2,All Stages,Ascent,Dragon Ranger Gaming,"omen,jett,sova,cypher,kayo",1,1,0.00,1
Champions Tour 2024: China Stage 2,All Stages,Abyss,EDward Gaming,"omen,jett,sova,gekko,yoru",1,1,0.00,1
Champions Tour 2024: China Stage 2,All Stages,Ascent,FunPlus Phoenix,"omen,jett,sova,kayo,astra",1,2,0.00,1
Champions Tour 2024: Pacific Stage 2,All Stages,Haven,Gen.G,"omen,jett,killjoy,viper,skye",1,2,0.00,1
Champions Tour 2024: China Stage 2,All Stages,Sunset,FunPlus Phoenix,"omen,jett,sova,astra,yoru,viper,cypher,fade",1,2,0.00,1
Champions Tour 2024: Pacific Stage 1,All Stages,Sunset,Gen.G,"omen,jett,kayo,sova,cypher",1,2,0.00,1
Champions Tour 2024: Americas Kickoff,All Stages,Ascent,Sentinels,"omen,jett,kayo,sova,killjoy,cypher",1,1,0.00,1
Champions Tour 2024: Pacific Stage 1,All Stages,Ascent,Paper Rex,"omen,jett,kayo,sova,sage",1,1,0.00,1
Champions Tour 2024: Pacific Stage 1,All Stages,Ascent,Gen.G,"omen,jett,killjoy,kayo,sova",1,4,0.00,1
Champions Tour 2024: Pacific Stage 1,All Stages,Ascent,DRX,"omen,jett,killjoy,kayo,sova,viper,cypher",1,2,0.00,1
Champions Tour 2024: EMEA Stage 2,All Stages,Lotus,GIANTX,"omen,fade,neon,killjoy,skye",1,1,0.00,1
Champions Tour 2024: Americas Stage 2,All Stages,Bind,LOUD,"omen,gekko,neon,skye,brimstone,raze",1,1,0.00,1
Champions Tour 2024: China Kickoff,All Stages,Ascent,FunPlus Phoenix,"omen,jett,cypher,fade,yoru",1,1,0.00,1
Champions Tour 2024: China Stage 2,All Stages,Haven,JDG Esports,"omen,jett,cypher,gekko,fade",1,3,0.00,1
Champions Tour 2024: China Stage 2,All Stages,Haven,FunPlus Phoenix,"omen,jett,cypher,kayo,breach",1,3,0.00,1
Champions Tour 2024: Pacific Stage 2,All Stages,Lotus,BLEED,"omen,cypher,viper,raze,fade,sova,killjoy,breach,neon",1,1,0.00,1
Champions Tour 2024: EMEA Stage 1,All Stages,Sunset,BBL Esports,"omen,cypher,sova,kayo,neon,raze,gekko",1,2,0.00,1
Champions Tour 2024: EMEA Stage 2,All Stages,Sunset,Gentle Mates,"omen,cypher,sova,kayo,neon,sage,raze",1,1,0.00,1
Champions Tour 2024: EMEA Stage 2,All Stages,Sunset,Natus Vincere,"omen,cypher,sova,kayo,jett,neon",1,1,0.00,1
Champions Tour 2024: EMEA Stage 2,All Stages,Lotus,Karmine Corp,"omen,cypher,sova,fade,yoru",1,2,0.00,1
Champions Tour 2024: China Stage 1,All Stages,Sunset,Dragon Ranger Gaming,"omen,cypher,sova,jett,breach,raze",1,1,0.00,1
Champions Tour 2024: EMEA Stage 2,All Stages,Ascent,FNATIC,"omen,cypher,sova,jett,deadlock,yoru,iso,astra",1,1,0.00,1
Champions Tour 2024: China Stage 1,All Stages,Ascent,Dragon Ranger Gaming,"omen,cypher,sova,jett,kayo",1,2,0.00,1
Champions Tour 2024: Americas Stage 2,All Stages,Lotus,Cloud9,"omen,cypher,raze,gekko,breach,killjoy,clove",1,1,0.00,1
Champions Tour 2024: Americas Stage 2,All Stages,Lotus,Sentinels,"omen,cypher,raze,fade,deadlock,breach",1,2,0.00,1
Champions Tour 2024: Americas Stage 2,All Stages,Lotus,Evil Geniuses,"omen,cypher,breach,fade,iso,neon",1,1,0.00,1
Champions Tour 2024: Pacific Stage 2,All Stages,Icebox,Talon Esports,"jett,kayo,killjoy,viper,gekko,sova,clove,harbor,iso",1,1,0.00,1
Champions Tour 2024: Americas Stage 2,All Stages,Sunset,LOUD,"omen,cypher,gekko,breach,neon",1,1,0.00,1
Champions Tour 2024: EMEA Stage 2,All Stages,Lotus,Team Vitality,"omen,cypher,gekko,fade,neon,raze,breach",1,3,0.00,1
Champions Tour 2024: EMEA Stage 2,All Stages,Sunset,KOI,"omen,cypher,gekko,kayo,neon,sova,raze",1,1,0.00,1
Champions Tour 2024: China Stage 2,All Stages,Lotus,Bilibili Gaming,"omen,cypher,raze,breach,fade",1,1,0.00,1
Champions Tour 2024: EMEA Stage 2,All Stages,Lotus,BBL Esports,"omen,cypher,raze,breach,fade,neon",1,1,0.00,1
Champions Tour 2024: EMEA Stage 2,All Stages,Split,FUT Esports,"omen,cypher,raze,breach,gekko",1,3,0.00,1
Champions Tour 2024: EMEA Stage 2,All Stages,Sunset,BBL Esports,"omen,cypher,raze,breach,gekko,kayo",1,1,0.00,1
Champions Tour 2024: Pacific Stage 2,All Stages,Sunset,Talon Esports,"omen,cypher,raze,breach,gekko,sova,neon",1,1,0.00,1
Champions Tour 2024: EMEA Stage 2,All Stages,Sunset,Karmine Corp,"omen,cypher,raze,breach,jett,sova,kayo,neon",1,1,0.00,1
Champions Tour 2024: EMEA Stage 2,All Stages,Split,Gentle Mates,"omen,cypher,raze,breach,yoru",1,2,0.00,1
Champions Tour 2024: China Stage 2,All Stages,Haven,EDward Gaming,"omen,cypher,breach,gekko,neon,sova",1,2,0.00,1
Champions Tour 2024: Pacific Stage 2,All Stages,Lotus,Global Esports,"omen,cypher,breach,neon,fade",1,1,0.00,1
Champions Tour 2024: EMEA Stage 2,All Stages,Split,Team Heretics,"omen,cypher,breach,neon,iso",1,1,0.00,1
Champions Tour 2024: EMEA Stage 2,All Stages,Haven,Team Heretics,"omen,cypher,breach,neon,iso,sova",1,2,0.00,1
Champions Tour 2024: EMEA Stage 2,All Stages,Lotus,FUT Esports,"omen,cypher,breach,viper,jett",1,2,0.00,1
Valorant Champions 2024,All Stages,Sunset,Sentinels,"omen,cypher,fade,breach,neon,raze,gekko,kayo",1,2,0.00,1
Champions Tour 2024: Masters Shanghai,All Stages,Sunset,FunPlus Phoenix,"omen,cypher,fade,harbor,yoru",1,1,0.00,1
Champions Tour 2024: China Stage 2,All Stages,Icebox,TYLOO,"jett,viper,sova,kayo,killjoy,gekko",1,1,0.00,1
Champions Tour 2024: China Stage 2,All Stages,Icebox,EDward Gaming,"jett,viper,sova,kayo,killjoy,omen,gekko",1,1,0.00,1
Champions Tour 2024: China Stage 2,All Stages,Icebox,Bilibili Gaming,"jett,viper,sova,killjoy,harbor,kayo,sage",1,2,0.00,1
Champions Tour 2024: China Stage 2,All Stages,Bind,EDward Gaming,"jett,raze,fade,skye,brimstone,viper,gekko",1,2,0.00,1
Champions Tour 2024: China Stage 2,All Stages,Bind,FunPlus Phoenix,"jett,sova,cypher,gekko,brimstone",1,1,0.00,1
Champions Tour 2024: China Stage 2,All Stages,Icebox,FunPlus Phoenix,"jett,viper,kayo,killjoy,clove",1,2,0.00,1
Champions Tour 2024: China Stage 2,All Stages,Icebox,JDG Esports,"jett,viper,kayo,killjoy,deadlock",1,3,0.00,1
Champions Tour 2024: Pacific Stage 2,All Stages,Bind,DRX,"cypher,viper,raze,skye,brimstone,gekko,fade",1,1,0.00,1
Champions Tour 2024: EMEA Stage 2,All Stages,Icebox,Karmine Corp,"gekko,kayo,neon,skye,harbor,sova,viper,jett,killjoy",1,1,0.00,1
Champions Tour 2024: Pacific Stage 2,All Stages,Icebox,DRX,"jett,kayo,killjoy,viper,clove,sova,gekko",1,4,0.00,1
Valorant Champions 2024,All Stages,Bind,Trace Esports,"cypher,raze,brimstone,skye,deadlock",1,2,0.00,1
Champions Tour 2024: EMEA Stage 2,All Stages,Split,Natus Vincere,"cypher,raze,fade,yoru,astra,omen,breach,viper",1,1,0.00,1
